Product Name,Product Cost
Apple iPhone 15 (256 GB) - svart,13495
Apple iPhone 15 Pro (128 GB) - svart titan,14995
Apple iPhone 15 Pro Max (512 GB) - svart titan,20995
Apple iPhone 15 Plus (128 GB) - blå,13495
Apple iPhone 15 (256 GB) - blå,13490
Apple iPhone 15 Pro (256 GB) - naturligt titan,16490
Apple iPhone 15 Plus (128 GB) - svart,13490
Apple iPhone 15 Pro Max (512 GB) - svart titan,20995
Apple iPhone 14 Pro Max (256 GB) - djuplila,16490
Spigen Ultra Hybrid Frost MagFit Fodral kompatibel med iPhone 15 Pro -Svart,321
"Apple iPhone 12 Pro, 128GB, Pacific Blå (Renoverad)",8199
Apple FineWoven-skal med MagSafe till iPhone 15 Pro – svart ​​​​​​​,895
"memumi Real Carbon Fiber-fodral för iPhone 15 Pro, 0,5 mm Supertunt och slitstarkt kolfodral [100% aramidfiber] med fallskydd av militärklass för iPhone 15 Pro -Svart",539
Apple Silikonskal med MagSafe till iPhone 15 – lera ​​​​​​​,695
"JETech Magnetisk Silikon Skal för iPhone 15 6,1 Tums, Kompatibelt med MagSafe, Telefonfodral med Full Kameralinsskydd (Rosa)",149
"JETech 5 i 1 Fodral för iPhone 15 6,1 Tum med 2-Pack Skärmskydd i Härdat Glas och Kameralinsskydd, Lcke Gulnande Stötsäkert Buffert Mobiltelefonfodral (Klar)",149
"JETech Skärmskydd för iPhone 15 Pro 6,1 Tum, Screen Protector Härdat Glas Film med Enkelt Installation Verktyg, Fodral Vänligt, HD Klar, 3 Pack",99
Spigen Liquid Air Fodral kompatibel med iPhone 15 Pro -Svart,202
"JETech Privacy Skärmskydd för iPhone 15 Pro 6,1 Tum med Kameralinsskydd, Enkelt Installation Verktyg, Screen Protector Privat Härdat Glas Film, 2-Pack Varje",149
"Spigen Glas.tR EZ Fit Skärmskydd kompatibel med iPhone 15 Pro, 2 Stycken, med Sjabloon voor Installatiem, Case friendly, 9H härdat glas",244
"JETech Skärmskydd för iPhone 15 6,1 Tum med Kameralinsskydd, Enkelt Installation Verktyg, Screen Protector Härdat Glas Film, HD Klar, 2-Pack Varje",129
"JETech Magnetisk Skal för iPhone 15 Pro 6,1 Tums Kompatibelt med MagSafe (INTE FÖR iPhone 15 Pro Max 6,7-Tums), Genomskinligt Matte Tillbaka Smal Stötsäker Case (Svart)",149
"JETech Magnetisk Skal för iPhone 15 Pro 6,1-Tums för MagSafe Trådlös Laddning, Stötskyddad Telefon Bumper Case, Repfri Klar Tillbaka (Klar)",139
"ESR Armorite skärmskydd set, kompatibel med iPhone 15 Pro, 3+2-pack",319
Apple Transparent skal med MagSafe till iPhone 15 ​​​​​​​,695
Apple Silikonskal med MagSafe till iPhone 15 Pro Max – svart ​​​​​​​,695
"WIIUKA Fodral för iPhone 15, läder från Tyskland, med kortfack, extra tunt, mobiltelefonfodral med stativfunktion, svart ficka",509
"JETech Privacy Skärmskydd för iPhone 15 Pro 6,1 Tums, Anti-Spion Härdat Glasfilm med Enkelt Installationsverktyg, 2-Pack",129
"JETech Skärmskydd för iPhone 15 6,1 Tum, Screen Protector Härdat Glas Film med Enkelt Installation Verktyg, Fodral Vänligt, HD Klar, 3 Pack",99
"JETech Skärmskydd för iPhone 15 Pro 6,1 Tum med Kameralinsskydd, Enkelt Installation Verktyg, Screen Protector Härdat Glas Film, HD Klar, 2-Pack Varje",129
"JETech Skärmskydd för iPhone 15 Pro Max 6,7 Tum, Screen Protector Härdat Glas Film med Enkelt Installation Verktyg, Fodral Vänligt, HD Klar, 3 Pack",99
Apple Transparent skal med MagSafe till iPhone 15 Pro ​​​​​​​,690
TORRO Läderfodral till iPhone 15 Pro - Plånboksfodral i Premiumläder med Stativ och Korthållare (Marinblå),486
"Dreem Fibonacci 2-in-1 Wallet Case for Apple iPhone 15 Pro - Luxury Vegan Leather, Magnetic Detachable Shockproof Phone Case, RFID Card Protection, Magsafe Compatible - Royal",444
"amFilm 2+2-pack Härdat Glas för iPhone 15 2023 6.1"", OneTouch 2 Delar Skärmskydd med 2 Delar Kameralinsskydd, Kompatibelt Fodral",105
"memumi Skal för iPhone 15 Pro Max (Three camera holes), Tjocklek 0,3 mm, Slim Fit, Matt yta [Stötbeständigt, Halkskydd, Anti-rep] Skyddskåpa Extra Tunn för iPhone 15 Pro Max 6.7""- Trans-Svart",169
TORRO Läderfodral till iPhone 15 Plus -Plånboksfodral i Premiumläder med Stativ och Korthållare (Svart),486
"JETech Privacy Skärmskydd för iPhone 15 Pro Max 6,7 Tum med Kameralinsskydd, Enkelt Installation Verktyg, Screen Protector Privat Härdat Glas Film, 2-Pack Varje",149
Apple FineWoven-skal med MagSafe till iPhone 15 Plus – vintergrön ​​​​​​​,895
"Spigen Glas.tR EZ Fit Skärmskydd kompatibel med iPhone 15 Pro Max, 2 Stycken, med Sjabloon voor Installatiem, Case friendly, 9H härdat glas",244
"EYZUTAK vintage läderfodral för iPhone 15 Pro-fodral, magnetlås premium PU-läder flip fodral med kortfack plånbok stativfunktion stötsäker mjuk TPU retro läderväska-svart",170
Apple Silikonskal med MagSafe till iPhone 15 Pro – svart ​​​​​​​,695
Mouyou iPhone 15 fodral,93
"JETech Skärmskydd för Fullständig Integritet på iPhone 15 Pro 6,1 tum, Svart Kant Screen Protector Härdat med Enkel Installation, Fodral Vänligt, 2-pack",149
Spigen Liquid Air Fodral kompatibel med iPhone 15 -Svart,202
"JETech Full Täckning Skärmskydd för iPhone 15 Pro 6,1 Tum, Svart Kant Screen Protector Härdat Glas Film med Enkelt Installation Verktyg, Fodral Vänligt, HD Klar, 3 Pack",119
"ESR Klassiskt fodral kompatibelt med iPhone 2023 Pro Max fodral, kompatibelt med MagSafe, transparent",395
"Magnetiskt fodral för iPhone 15 Pro 6,1 tum, kompatibelt med magsafe, stötsäker militärstandard, fallskydd mobilskal, reptåligt transparent fodral för iPhone 15 Pro",179
Apple Transparent skal med MagSafe till iPhone 15 Pro Max ​​​​​​​,690
"WSKEN för iPhone 15 Pro Max 6,7 tum skärmskydd, heltäckande skärm 2,5 D kant 10 s HD härdat glasfilm med dammrengöring installera hus 2023 5G 2-pack",404
Apple iPhone 14 Pro 128GB Deep Purple (Renoverad),12799
"UGREEN Nexode USB C-laddare 65W USB C-strömadapter 3-portars GaN PD Charger PPS Kompatibel med MacBook Pro/Air, iPhone 15 Pro Max, 15, iPad Pro, Galaxy S23 Ultra, S23, S22, Steam Deck.(Svart)",476
Apple Transparent skal med MagSafe till iPhone 15 ​​​​​​​,695
Apple Silikonskal med MagSafe till iPhone 15 – lera ​​​​​​​,695
Apple Silikonskal med MagSafe till iPhone 15 Pro – vinterblå ​​​​​​​,695
Apple FineWoven-skal med MagSafe till iPhone 15 – svart ​​​​​​​,895
Apple Silikonskal med MagSafe till iPhone 15 Plus – apelsinsorbet ​​​​​​​,695
Apple Transparent skal med MagSafe till iPhone 15 Pro ​​​​​​​,690
Apple Transparent skal med MagSafe till iPhone 15 Plus ​​​​​​​,695
Apple Silikonskal med MagSafe till iPhone 15 Pro Max – ljusrosa ​​​​​​​,695
